product_id,product_name
1,Gucci Leather Belt 1
2,Olive Oil Extra Virgin
3,Dark Chocolate Bar
4,Organic Almond Milk
5,Apple iPhone 14 Pro
6,Sony Wireless Headphones
7,Fresh Farm Eggs
8,Organic Almond Milk
9,Apple MacBook Air
10,Adidas Sports Jacket
11,Sony Wireless Headphones
12,Apple iPhone 14
13,Samsung Galaxy S21
14,Fresh Farm Eggs
15,Apple iPhone 14
16,Whole Wheat Bread 2
17,Olive Oil Extra Virgin
18,Nike Running Shoes
19,Gucci Leather Belt 2
20,Adidas Sports Jacket
21,Samsung Galaxy S21
22,Zara Summer Dress
23,Premium Basmati Rice 5kg
24,Samsung Galaxy S21
25,Apple iPhone 14
26,Dark Chocolate Bar
27,Gucci Leather Belt
28,Samzung Galaxy S21
29,HP Pavilion Laptop
30,Zara Summer Dress
31,Whole Wheat Bread 3
32,Zara Summer Dress 2
33,Adidas Sports Jacket
34,Zara Summer Dress 2
35,Samzung Galaxy S21
36,Adidas Sports Jacket
37,Apple MacBook Air
38,Apple iPhone 14
39,Fresh Farm Eggs
40,Adidas Sports Jacket
41,Adidas Sports Jacket
42,Samzung Galaxy S21 2
43,Sony Wireless Headphones
44,Dell Inspiron Laptop 2
45,Nike Running Shoes
46,Fresh Farm Eggs
47,Apple iPhone 14
48,Adidas Sports Jacket
49,Whole Wheat Bread
50,Olive Oil Extra Virgin
51,Apple iPhone 14
52,Apple iPhone 14
53,Sony Wireless Headphones 3
54,Apple iPhone 14
55,Organic Almond Milk
56,Dell Inspiron Laptop
57,Olive Oil Extra Virgin
58,Zara Summer Dress 1
59,Puma Casual T-Shirt
60,HP Pavilion Laptop
61,Whole Wheat Bread
62,Gucci Leather Belt
63,Olive Oil Extra Virgin
64,Apple iPhone 14 Pro
65,Zara Summer Dress
66,HP Pavilion Laptop 1
67,HP Pavilion Laptop
68,Samzung Galaxy S21
69,Gucci Leather Belt
70,Olive Oil Extra Virgin
71,Dark Chocolate Bar
72,Dell Inspiron Laptop 1
73,Olive Oil Extra Virgin 1
74,Dell Inspiron Laptop
75,Levis Denim Jeans
76,Nike Running Shoes
77,Premium Basmati Rice 5kg 3
78,Sony Wireless Headphones
79,Premium Basmati Rice 5kg
80,Levis Denim Jeans
81,Fresh Farm Eggs
82,Zara Summer Dress 1
83,Apple iPhone 14 Pro
84,Levis Denim Jeans 3
85,Dark Chocolate Bar 3
86,Samsung Galaxy S21
87,Sony Wireless Headphones
88,HP Pavilion Laptop
89,Samsung Galaxy S21
90,Dell Inspiron Laptop
91,Dark Chocolate Bar 3
92,Whole Wheat Bread
93,Olive Oil Extra Virgin
94,Samzung Galaxy S21
95,Puma Casual T-Shirt
96,Levis Denim Jeans
97,Whole Wheat Bread
98,Apple iPhone 14 Pro
99,Apple iPhone 14 Pro
100,Apple iPhone 14
101,Nike Running Shoes
102,Samsung Galaxy S21
103,Fresh Farm Eggs
104,Apple iPhone 14
105,Apple iPhone 14
106,Whole Wheat Bread 1
107,Olive Oil Extra Virgin
108,Sony Wireless Headphones 2
109,HP Pavilion Laptop
110,HP Pavilion Laptop 1
111,Fresh Farm Eggs
112,Zara Summer Dress
113,Sony Wireless Headphones 3
114,Sony Wireless Headphones
115,Puma Casual T-Shirt
116,Samsung Galaxy S21
117,Puma Casual T-Shirt
118,Fresh Farm Eggs 1
119,Apple MacBook Air
120,Olive Oil Extra Virgin
121,Premium Basmati Rice 5kg 1
122,Premium Basmati Rice 5kg
123,Olive Oil Extra Virgin
124,Organic Almond Milk
125,Organic Almond Milk
126,Whole Wheat Bread
127,Nike Running Shoes
128,Olive Oil Extra Virgin
129,Organic Almond Milk
130,Levis Denim Jeans 2
131,Adidas Sports Jacket
132,Samzung Galaxy S21
133,Olive Oil Extra Virgin
134,Olive Oil Extra Virgin
135,Levis Denim Jeans
136,Gucci Leather Belt
137,HP Pavilion Laptop
138,Adidas Sports Jacket
139,Fresh Farm Eggs
140,Adidas Sports Jacket
141,Samzung Galaxy S21
142,Zara Summer Dress 2
143,Apple iPhone 14
144,Whole Wheat Bread
145,Gucci Leather Belt
146,Gucci Leather Belt
147,Dark Chocolate Bar
148,Dell Inspiron Laptop
149,Dark Chocolate Bar
150,Whole Wheat Bread 1
151,Whole Wheat Bread
152,Whole Wheat Bread
153,Levis Denim Jeans
154,Adidas Sports Jacket
155,Organic Almond Milk
156,Puma Casual T-Shirt
157,Apple iPhone 14
158,Whole Wheat Bread
159,Adidas Sports Jacket
160,Nike Running Shoes
161,Fresh Farm Eggs
162,Puma Casual T-Shirt
163,Nike Running Shoes
164,Adidas Sports Jacket
165,Gucci Leather Belt
166,Apple iPhone 14
167,Sony Wireless Headphones
168,Apple iPhone 14 Pro
169,Levis Denim Jeans
170,Sony Wireless Headphones 3
171,Adidas Sports Jacket 2
172,Apple iPhone 14 Pro
173,Puma Casual T-Shirt 1
174,Levis Denim Jeans
175,Organic Almond Milk 2
176,Apple iPhone 14
177,Apple iPhone 14 Pro
178,Samsung Galaxy S21
179,Apple MacBook Air
180,Apple iPhone 14
181,Organic Almond Milk 1
182,Gucci Leather Belt
183,Nike Running Shoes
184,Zara Summer Dress
185,Dark Chocolate Bar
186,Whole Wheat Bread
187,Levis Denim Jeans
188,Apple iPhone 14 Pro 1
189,Levis Denim Jeans
190,Samsung Galaxy S21
191,Premium Basmati Rice 5kg
192,Premium Basmati Rice 5kg
193,Samsung Galaxy S21 2
194,Adidas Sports Jacket 1
195,Levis Denim Jeans 1
196,Nike Running Shoes
197,Dell Inspiron Laptop
198,Fresh Farm Eggs
199,Gucci Leather Belt 3
200,Nike Running Shoes
201,Levis Denim Jeans
202,Puma Casual T-Shirt
203,Sony Wireless Headphones 3
204,Apple MacBook Air
205,Zara Summer Dress
206,Whole Wheat Bread
207,Apple iPhone 14
208,Levis Denim Jeans
209,Zara Summer Dress
210,Adidas Sports Jacket 1
211,Gucci Leather Belt
212,Apple MacBook Air 2
213,Sony Wireless Headphones
214,Puma Casual T-Shirt
215,Puma Casual T-Shirt
216,Dark Chocolate Bar
217,Levis Denim Jeans
218,Samsung Galaxy S21
219,Fresh Farm Eggs 2
220,Zara Summer Dress
221,Apple MacBook Air
222,Zara Summer Dress 3
223,Sony Wireless Headphones
224,Samsung Galaxy S21
225,Olive Oil Extra Virgin
226,Apple iPhone 14 1
227,Sony Wireless Headphones
228,Samzung Galaxy S21
229,Nike Running Shoes
230,Zara Summer Dress
231,HP Pavilion Laptop
232,Dark Chocolate Bar
233,Levis Denim Jeans
234,Adidas Sports Jacket
235,Samzung Galaxy S21
236,Levis Denim Jeans
237,HP Pavilion Laptop 2
238,Fresh Farm Eggs
239,Gucci Leather Belt
240,HP Pavilion Laptop
241,Adidas Sports Jacket
242,Adidas Sports Jacket
243,Zara Summer Dress
244,Dell Inspiron Laptop
245,Apple iPhone 14 Pro
246,Dell Inspiron Laptop
247,HP Pavilion Laptop
248,Premium Basmati Rice 5kg
249,Organic Almond Milk
250,Zara Summer Dress
251,Apple iPhone 14
252,Sony Wireless Headphones
253,Organic Almond Milk
254,Puma Casual T-Shirt
255,Sony Wireless Headphones 1
256,Whole Wheat Bread
257,Olive Oil Extra Virgin
258,HP Pavilion Laptop
259,Dell Inspiron Laptop
260,HP Pavilion Laptop 1
261,Nike Running Shoes
262,Apple MacBook Air
263,Whole Wheat Bread 2
264,Premium Basmati Rice 5kg
265,Samsung Galaxy S21
266,Levis Denim Jeans
267,Apple MacBook Air
268,Gucci Leather Belt
269,Dark Chocolate Bar
270,Sony Wireless Headphones
271,Gucci Leather Belt
272,Adidas Sports Jacket
273,Premium Basmati Rice 5kg 3
274,Apple iPhone 14
275,Levis Denim Jeans
276,Olive Oil Extra Virgin 1
277,Whole Wheat Bread
278,Dell Inspiron Laptop
279,Sony Wireless Headphones
280,Olive Oil Extra Virgin
281,Apple iPhone 14 Pro
282,Dell Inspiron Laptop
283,HP Pavilion Laptop
284,Premium Basmati Rice 5kg
285,Gucci Leather Belt
286,Nike Running Shoes
287,HP Pavilion Laptop
288,Dark Chocolate Bar 3
289,Levis Denim Jeans
290,Organic Almond Milk
291,Sony Wireless Headphones 1
292,Apple MacBook Air
293,Apple MacBook Air
294,Apple iPhone 14
295,Olive Oil Extra Virgin
296,Premium Basmati Rice 5kg 1
297,Fresh Farm Eggs
298,Adidas Sports Jacket 2
299,Dell Inspiron Laptop
300,Apple MacBook Air
301,Organic Almond Milk 1
302,Samzung Galaxy S21 1
303,Levis Denim Jeans
304,HP Pavilion Laptop
305,Whole Wheat Bread
306,Apple iPhone 14
307,Adidas Sports Jacket
308,Adidas Sports Jacket
309,Whole Wheat Bread
310,Nike Running Shoes 3
311,Olive Oil Extra Virgin
312,Levis Denim Jeans
313,Samzung Galaxy S21
314,Fresh Farm Eggs
315,Apple iPhone 14
316,Apple iPhone 14 2
317,Puma Casual T-Shirt 1
318,Levis Denim Jeans
319,Dark Chocolate Bar 3
320,Levis Denim Jeans
321,Samsung Galaxy S21 3
322,Levis Denim Jeans 2
323,Dark Chocolate Bar
324,Apple iPhone 14 Pro
325,Gucci Leather Belt
326,Apple iPhone 14 3
327,Zara Summer Dress
328,Puma Casual T-Shirt
329,Apple iPhone 14 Pro
330,Whole Wheat Bread
331,Dark Chocolate Bar 2
332,Dark Chocolate Bar
333,Fresh Farm Eggs
334,Adidas Sports Jacket
335,Levis Denim Jeans
336,Sony Wireless Headphones
337,Nike Running Shoes
338,Whole Wheat Bread
339,Sony Wireless Headphones
340,Sony Wireless Headphones
341,Apple iPhone 14
342,Apple iPhone 14
343,Samsung Galaxy S21
344,Puma Casual T-Shirt
345,Apple iPhone 14 Pro
346,Organic Almond Milk
347,Apple MacBook Air 3
348,Apple MacBook Air
349,Sony Wireless Headphones
350,Apple MacBook Air
351,Sony Wireless Headphones
352,Samsung Galaxy S21
353,HP Pavilion Laptop 2
354,Samsung Galaxy S21 3
355,Nike Running Shoes 2
356,Olive Oil Extra Virgin
357,Samzung Galaxy S21
358,Premium Basmati Rice 5kg
359,Fresh Farm Eggs
360,Dell Inspiron Laptop 2
361,Whole Wheat Bread
362,Adidas Sports Jacket 3
363,Apple iPhone 14
364,Apple iPhone 14
365,Olive Oil Extra Virgin 2
366,Puma Casual T-Shirt
367,Dark Chocolate Bar
368,Adidas Sports Jacket
369,Apple iPhone 14 Pro 1
370,Premium Basmati Rice 5kg
371,Nike Running Shoes
372,Dell Inspiron Laptop 2
373,Zara Summer Dress
374,Premium Basmati Rice 5kg
375,Adidas Sports Jacket
376,Nike Running Shoes
377,Dell Inspiron Laptop
378,Puma Casual T-Shirt
379,Olive Oil Extra Virgin
380,Premium Basmati Rice 5kg
381,Samsung Galaxy S21
382,Apple iPhone 14
383,Dark Chocolate Bar
384,Dell Inspiron Laptop
385,Whole Wheat Bread
386,Zara Summer Dress 3
387,Olive Oil Extra Virgin
388,Samzung Galaxy S21 2
389,Nike Running Shoes
390,Apple MacBook Air
391,Dark Chocolate Bar
392,Dell Inspiron Laptop 1
393,Puma Casual T-Shirt
394,Whole Wheat Bread 1
395,Fresh Farm Eggs
396,Apple iPhone 14
397,Nike Running Shoes
398,Dell Inspiron Laptop
399,Nike Running Shoes 2
400,Samzung Galaxy S21
401,Apple MacBook Air
402,Dark Chocolate Bar
403,Dark Chocolate Bar
404,Whole Wheat Bread
405,Apple MacBook Air 2
406,HP Pavilion Laptop
407,Apple iPhone 14 Pro
408,Gucci Leather Belt
409,Samsung Galaxy S21
410,Whole Wheat Bread
411,Puma Casual T-Shirt
412,Samsung Galaxy S21
413,Adidas Sports Jacket
414,Puma Casual T-Shirt
415,Olive Oil Extra Virgin
416,Puma Casual T-Shirt
417,Adidas Sports Jacket
418,Apple iPhone 14
419,Samsung Galaxy S21
420,HP Pavilion Laptop
421,Gucci Leather Belt
422,Samsung Galaxy S21 2
423,Apple iPhone 14 1
424,Adidas Sports Jacket
425,Gucci Leather Belt
426,Levis Denim Jeans
427,Samzung Galaxy S21
428,Samsung Galaxy S21 3
429,Gucci Leather Belt
430,Nike Running Shoes
431,Premium Basmati Rice 5kg
432,Apple iPhone 14 Pro
433,Dark Chocolate Bar
434,Puma Casual T-Shirt 1
435,Fresh Farm Eggs
436,Apple iPhone 14 Pro
437,Puma Casual T-Shirt
438,Samzung Galaxy S21
439,Apple iPhone 14 Pro
440,Apple MacBook Air 2
441,Fresh Farm Eggs
442,Puma Casual T-Shirt
443,Apple iPhone 14
444,Whole Wheat Bread 2
445,Olive Oil Extra Virgin
446,HP Pavilion Laptop 3
447,Gucci Leather Belt
448,Dark Chocolate Bar
449,HP Pavilion Laptop
450,Apple iPhone 14
451,Apple iPhone 14 Pro
452,Apple iPhone 14 Pro 2
453,Adidas Sports Jacket
454,Puma Casual T-Shirt
455,Premium Basmati Rice 5kg
456,Nike Running Shoes
457,Samzung Galaxy S21
458,Dell Inspiron Laptop
459,Nike Running Shoes
460,Dark Chocolate Bar
461,Adidas Sports Jacket 1
462,Levis Denim Jeans
463,Samzung Galaxy S21
464,Apple MacBook Air
465,Organic Almond Milk
466,Dell Inspiron Laptop
467,Apple iPhone 14 Pro
468,Fresh Farm Eggs
469,Nike Running Shoes 3
470,Olive Oil Extra Virgin
471,Whole Wheat Bread
472,Organic Almond Milk
473,Apple MacBook Air
474,Samzung Galaxy S21
475,Samzung Galaxy S21
476,Samsung Galaxy S21 1
477,Levis Denim Jeans
478,Apple iPhone 14 Pro
479,Samzung Galaxy S21 3
480,Fresh Farm Eggs 3
481,Samzung Galaxy S21 3
482,Apple iPhone 14
483,Adidas Sports Jacket
484,Organic Almond Milk 3
485,HP Pavilion Laptop 2
486,Fresh Farm Eggs 3
487,Dark Chocolate Bar
488,Dell Inspiron Laptop
489,Puma Casual T-Shirt
490,Apple iPhone 14
491,Gucci Leather Belt 1
492,HP Pavilion Laptop 1
493,Gucci Leather Belt
494,Levis Denim Jeans
495,Samzung Galaxy S21 3
496,Adidas Sports Jacket
497,Apple MacBook Air
498,Apple MacBook Air 3
499,Apple iPhone 14
500,Apple MacBook Air
